基础效率指标_OEE,基础效率指标_可用性,基础效率指标_性能效率,基础效率指标_质量率,基础效率指标_TEEP,基础效率指标_产能利用率,基础效率指标_平均生产周期时间,时间维度分析_计划生产时间,时间维度分析_实际生产时间,时间维度分析_停机时间_停机,时间维度分析_停机时间_故障,时间维度分析_生产节拍时间,质量维度分析_一次合格率,质量维度分析_报废率,质量维度分析_质量损失,资源利用分析_物料利用率,资源利用分析_人力利用率
0.21554641233456778,0.9598393033567421,0.24758144011448469,0.9070352899718958,0.13788327717319065,0.9265961501939833,5518.678146879756,2053.8942581568785,3387.545454566542,19.702641659045188,27.620214229544363,0.013818143657755065,0.8992746894148514,0.10072531058514857,24693.010615867155,0.954098000337301,0.395972342059216
